query,response
How can I register as an alumnus?,You can register on the official alumni website [here](https://www.srecalumni.org.in/).
How do I update my alumni profile?,Log in to your alumni account and navigate to the 'Profile' section to update your details.
How do I change my email ID in my alumni profile?,Email the support team at support@srecalumni.org.in with your request.
How do I recover my alumni account password?,Click on 'Forgot Password' on the login page and follow the instructions to reset your password.
Where can I find job updates for alumni?,Visit the 'Career Section' on the alumni portal for the latest job postings and networking opportunities.
Can I post a job opportunity for alumni?,"Yes, you can post job openings on the alumni portal under the 'Job Listings' section."
Does the alumni association provide career counseling?,"Yes, we offer career counseling and resume-building sessions for alumni. Check the 'Career Support' section."
How can I apply for internships through the alumni network?,Internship opportunities are posted in the 'Internships' section of the alumni portal.
How do I participate in alumni events?,Check the 'Events' page on the website for upcoming alumni meetups and webinars.
How can I contact my batchmates?,Use the 'Alumni Directory' on the portal to find and connect with your batchmates.
Can I volunteer for alumni events?,Sign up as a volunteer on the 'Events' page of the alumni portal.
How can I get updates on alumni achievements?,Follow our 'Alumni News' page or subscribe to the alumni newsletter.
Does the alumni network support startups?,"Yes, we provide mentorship and funding opportunities through the 'Startup Support' program."
Can I pitch my startup idea to investors through the alumni network?,"Yes, we conduct alumni investment summits where you can pitch your idea."
Are there any startup grants for alumni entrepreneurs?,"Yes, the 'Alumni Startup Grant' program provides seed funding for selected startups."
How do I find a co-founder through the alumni network?,Use the 'Entrepreneur Connect' feature in the alumni portal to find potential co-founders.
Can I donate to the alumni fund?,"Yes, donations can be made through the 'Donate Now' section on the alumni website."
How do I contribute to scholarships for students?,You can donate to the 'Alumni Scholarship Fund' via the donations page.
Can I sponsor an alumni event?,"Yes, sponsors are welcome. Contact the events team at events@srecalumni.org.in."
Is there an alumni mobile app?,"Yes, download the 'SREC Alumni App' from the Play Store or App Store for easy access to alumni services."
Who can I contact for alumni-related queries?,Reach out to support@srecalumni.org.in or call the Alumni Office at +91-XXXXXXXXXX.
How can I register as an alumnus?,You can register on the official alumni website [here](https://www.srecalumni.org.in/).
How do I update my alumni profile?,Log in to your alumni account and navigate to the 'Profile' section to update your details.
How do I change my email ID in my alumni profile?,Email the support team at support@srecalumni.org.in with your request.
How do I recover my alumni account password?,Click on 'Forgot Password' on the login page and follow the instructions to reset your password.
Where can I find job updates for alumni?,Visit the 'Career Section' on the alumni portal for the latest job postings and networking opportunities.
Can I post a job opportunity for alumni?,"Yes, you can post job openings on the alumni portal under the 'Job Listings' section."
Does the alumni association provide career counseling?,"Yes, we offer career counseling and resume-building sessions for alumni. Check the 'Career Support' section."
How can I apply for internships through the alumni network?,Internship opportunities are posted in the 'Internships' section of the alumni portal.
How do I participate in alumni events?,Check the 'Events' page on the website for upcoming alumni meetups and webinars.
How can I contact my batchmates?,Use the 'Alumni Directory' on the portal to find and connect with your batchmates.
Can I volunteer for alumni events?,Sign up as a volunteer on the 'Events' page of the alumni portal.
How can I get updates on alumni achievements?,Follow our 'Alumni News' page or subscribe to the alumni newsletter.
Does the alumni network support startups?,"Yes, we provide mentorship and funding opportunities through the 'Startup Support' program."
Can I pitch my startup idea to investors through the alumni network?,"Yes, we conduct alumni investment summits where you can pitch your idea."
Are there any startup grants for alumni entrepreneurs?,"Yes, the 'Alumni Startup Grant' program provides seed funding for selected startups."
How do I find a co-founder through the alumni network?,Use the 'Entrepreneur Connect' feature in the alumni portal to find potential co-founders.
Can I donate to the alumni fund?,"Yes, donations can be made through the 'Donate Now' section on the alumni website."
How do I contribute to scholarships for students?,You can donate to the 'Alumni Scholarship Fund' via the donations page.
Can I sponsor an alumni event?,"Yes, sponsors are welcome. Contact the events team at events@srecalumni.org.in."
Is there an alumni mobile app?,"Yes, download the 'SREC Alumni App' from the Play Store or App Store for easy access to alumni services."
Who can I contact for alumni-related queries?,Reach out to support@srecalumni.org.in or call the Alumni Office at +91-XXXXXXXXXX.
How can I register as an alumnus?,You can register on the official alumni website [here](https://www.srecalumni.org.in/).
How do I update my alumni profile?,Log in to your alumni account and navigate to the 'Profile' section to update your details.
How do I change my email ID in my alumni profile?,Email the support team at support@srecalumni.org.in with your request.
How do I recover my alumni account password?,Click on 'Forgot Password' on the login page and follow the instructions to reset your password.
Where can I find job updates for alumni?,Visit the 'Career Section' on the alumni portal for the latest job postings and networking opportunities.
Can I post a job opportunity for alumni?,"Yes, you can post job openings on the alumni portal under the 'Job Listings' section."
Does the alumni association provide career counseling?,"Yes, we offer career counseling and resume-building sessions for alumni. Check the 'Career Support' section."
How can I apply for internships through the alumni network?,Internship opportunities are posted in the 'Internships' section of the alumni portal.
How do I participate in alumni events?,Check the 'Events' page on the website for upcoming alumni meetups and webinars.
How can I contact my batchmates?,Use the 'Alumni Directory' on the portal to find and connect with your batchmates.
Can I volunteer for alumni events?,Sign up as a volunteer on the 'Events' page of the alumni portal.
How can I get updates on alumni achievements?,Follow our 'Alumni News' page or subscribe to the alumni newsletter.
Does the alumni network support startups?,"Yes, we provide mentorship and funding opportunities through the 'Startup Support' program."
Can I pitch my startup idea to investors through the alumni network?,"Yes, we conduct alumni investment summits where you can pitch your idea."
Are there any startup grants for alumni entrepreneurs?,"Yes, the 'Alumni Startup Grant' program provides seed funding for selected startups."
How do I find a co-founder through the alumni network?,Use the 'Entrepreneur Connect' feature in the alumni portal to find potential co-founders.
Can I donate to the alumni fund?,"Yes, donations can be made through the 'Donate Now' section on the alumni website."
How do I contribute to scholarships for students?,You can donate to the 'Alumni Scholarship Fund' via the donations page.
Can I sponsor an alumni event?,"Yes, sponsors are welcome. Contact the events team at events@srecalumni.org.in."
Is there an alumni mobile app?,"Yes, download the 'SREC Alumni App' from the Play Store or App Store for easy access to alumni services."
Who can I contact for alumni-related queries?,Reach out to support@srecalumni.org.in or call the Alumni Office at +91-XXXXXXXXXX.
How can I register as an alumnus?,You can register on the official alumni website [here](https://www.srecalumni.org.in/).
How do I update my alumni profile?,Log in to your alumni account and navigate to the 'Profile' section to update your details.
How do I change my email ID in my alumni profile?,Email the support team at support@srecalumni.org.in with your request.
How do I recover my alumni account password?,Click on 'Forgot Password' on the login page and follow the instructions to reset your password.
Where can I find job updates for alumni?,Visit the 'Career Section' on the alumni portal for the latest job postings and networking opportunities.
Can I post a job opportunity for alumni?,"Yes, you can post job openings on the alumni portal under the 'Job Listings' section."
Does the alumni association provide career counseling?,"Yes, we offer career counseling and resume-building sessions for alumni. Check the 'Career Support' section."
How can I apply for internships through the alumni network?,Internship opportunities are posted in the 'Internships' section of the alumni portal.
How do I participate in alumni events?,Check the 'Events' page on the website for upcoming alumni meetups and webinars.
How can I contact my batchmates?,Use the 'Alumni Directory' on the portal to find and connect with your batchmates.
Can I volunteer for alumni events?,Sign up as a volunteer on the 'Events' page of the alumni portal.
How can I get updates on alumni achievements?,Follow our 'Alumni News' page or subscribe to the alumni newsletter.
Does the alumni network support startups?,"Yes, we provide mentorship and funding opportunities through the 'Startup Support' program."
Can I pitch my startup idea to investors through the alumni network?,"Yes, we conduct alumni investment summits where you can pitch your idea."
Are there any startup grants for alumni entrepreneurs?,"Yes, the 'Alumni Startup Grant' program provides seed funding for selected startups."
How do I find a co-founder through the alumni network?,Use the 'Entrepreneur Connect' feature in the alumni portal to find potential co-founders.
Can I donate to the alumni fund?,"Yes, donations can be made through the 'Donate Now' section on the alumni website."
How do I contribute to scholarships for students?,You can donate to the 'Alumni Scholarship Fund' via the donations page.
Can I sponsor an alumni event?,"Yes, sponsors are welcome. Contact the events team at events@srecalumni.org.in."
Is there an alumni mobile app?,"Yes, download the 'SREC Alumni App' from the Play Store or App Store for easy access to alumni services."
Who can I contact for alumni-related queries?,Reach out to support@srecalumni.org.in or call the Alumni Office at +91-XXXXXXXXXX.
How can I register as an alumnus?,You can register on the official alumni website [here](https://www.srecalumni.org.in/).
How do I update my alumni profile?,Log in to your alumni account and navigate to the 'Profile' section to update your details.
How do I change my email ID in my alumni profile?,Email the support team at support@srecalumni.org.in with your request.
How do I recover my alumni account password?,Click on 'Forgot Password' on the login page and follow the instructions to reset your password.
Where can I find job updates for alumni?,Visit the 'Career Section' on the alumni portal for the latest job postings and networking opportunities.
Can I post a job opportunity for alumni?,"Yes, you can post job openings on the alumni portal under the 'Job Listings' section."
Does the alumni association provide career counseling?,"Yes, we offer career counseling and resume-building sessions for alumni. Check the 'Career Support' section."
How can I apply for internships through the alumni network?,Internship opportunities are posted in the 'Internships' section of the alumni portal.
How do I participate in alumni events?,Check the 'Events' page on the website for upcoming alumni meetups and webinars.
How can I contact my batchmates?,Use the 'Alumni Directory' on the portal to find and connect with your batchmates.
Can I volunteer for alumni events?,Sign up as a volunteer on the 'Events' page of the alumni portal.
How can I get updates on alumni achievements?,Follow our 'Alumni News' page or subscribe to the alumni newsletter.
Does the alumni network support startups?,"Yes, we provide mentorship and funding opportunities through the 'Startup Support' program."
Can I pitch my startup idea to investors through the alumni network?,"Yes, we conduct alumni investment summits where you can pitch your idea."
Are there any startup grants for alumni entrepreneurs?,"Yes, the 'Alumni Startup Grant' program provides seed funding for selected startups."
How do I find a co-founder through the alumni network?,Use the 'Entrepreneur Connect' feature in the alumni portal to find potential co-founders.
Can I donate to the alumni fund?,"Yes, donations can be made through the 'Donate Now' section on the alumni website."
How do I contribute to scholarships for students?,You can donate to the 'Alumni Scholarship Fund' via the donations page.
Can I sponsor an alumni event?,"Yes, sponsors are welcome. Contact the events team at events@srecalumni.org.in."
Is there an alumni mobile app?,"Yes, download the 'SREC Alumni App' from the Play Store or App Store for easy access to alumni services."
Who can I contact for alumni-related queries?,Reach out to support@srecalumni.org.in or call the Alumni Office at +91-XXXXXXXXXX.
How can I register as an alumnus?,You can register on the official alumni website [here](https://www.srecalumni.org.in/).
How do I update my alumni profile?,Log in to your alumni account and navigate to the 'Profile' section to update your details.
How do I change my email ID in my alumni profile?,Email the support team at support@srecalumni.org.in with your request.
How do I recover my alumni account password?,Click on 'Forgot Password' on the login page and follow the instructions to reset your password.
Where can I find job updates for alumni?,Visit the 'Career Section' on the alumni portal for the latest job postings and networking opportunities.
Can I post a job opportunity for alumni?,"Yes, you can post job openings on the alumni portal under the 'Job Listings' section."
Does the alumni association provide career counseling?,"Yes, we offer career counseling and resume-building sessions for alumni. Check the 'Career Support' section."
How can I apply for internships through the alumni network?,Internship opportunities are posted in the 'Internships' section of the alumni portal.
How do I participate in alumni events?,Check the 'Events' page on the website for upcoming alumni meetups and webinars.
How can I contact my batchmates?,Use the 'Alumni Directory' on the portal to find and connect with your batchmates.
Can I volunteer for alumni events?,Sign up as a volunteer on the 'Events' page of the alumni portal.
How can I get updates on alumni achievements?,Follow our 'Alumni News' page or subscribe to the alumni newsletter.
Does the alumni network support startups?,"Yes, we provide mentorship and funding opportunities through the 'Startup Support' program."
Can I pitch my startup idea to investors through the alumni network?,"Yes, we conduct alumni investment summits where you can pitch your idea."
Are there any startup grants for alumni entrepreneurs?,"Yes, the 'Alumni Startup Grant' program provides seed funding for selected startups."
How do I find a co-founder through the alumni network?,Use the 'Entrepreneur Connect' feature in the alumni portal to find potential co-founders.
Can I donate to the alumni fund?,"Yes, donations can be made through the 'Donate Now' section on the alumni website."
How do I contribute to scholarships for students?,You can donate to the 'Alumni Scholarship Fund' via the donations page.
Can I sponsor an alumni event?,"Yes, sponsors are welcome. Contact the events team at events@srecalumni.org.in."
Is there an alumni mobile app?,"Yes, download the 'SREC Alumni App' from the Play Store or App Store for easy access to alumni services."
Who can I contact for alumni-related queries?,Reach out to support@srecalumni.org.in or call the Alumni Office at +91-XXXXXXXXXX.
How can I register as an alumnus?,You can register on the official alumni website [here](https://www.srecalumni.org.in/).
How do I update my alumni profile?,Log in to your alumni account and navigate to the 'Profile' section to update your details.
How do I change my email ID in my alumni profile?,Email the support team at support@srecalumni.org.in with your request.
How do I recover my alumni account password?,Click on 'Forgot Password' on the login page and follow the instructions to reset your password.
Where can I find job updates for alumni?,Visit the 'Career Section' on the alumni portal for the latest job postings and networking opportunities.
Can I post a job opportunity for alumni?,"Yes, you can post job openings on the alumni portal under the 'Job Listings' section."
Does the alumni association provide career counseling?,"Yes, we offer career counseling and resume-building sessions for alumni. Check the 'Career Support' section."
How can I apply for internships through the alumni network?,Internship opportunities are posted in the 'Internships' section of the alumni portal.
How do I participate in alumni events?,Check the 'Events' page on the website for upcoming alumni meetups and webinars.
How can I contact my batchmates?,Use the 'Alumni Directory' on the portal to find and connect with your batchmates.
Can I volunteer for alumni events?,Sign up as a volunteer on the 'Events' page of the alumni portal.
How can I get updates on alumni achievements?,Follow our 'Alumni News' page or subscribe to the alumni newsletter.
Does the alumni network support startups?,"Yes, we provide mentorship and funding opportunities through the 'Startup Support' program."
Can I pitch my startup idea to investors through the alumni network?,"Yes, we conduct alumni investment summits where you can pitch your idea."
Are there any startup grants for alumni entrepreneurs?,"Yes, the 'Alumni Startup Grant' program provides seed funding for selected startups."
How do I find a co-founder through the alumni network?,Use the 'Entrepreneur Connect' feature in the alumni portal to find potential co-founders.
Can I donate to the alumni fund?,"Yes, donations can be made through the 'Donate Now' section on the alumni website."
How do I contribute to scholarships for students?,You can donate to the 'Alumni Scholarship Fund' via the donations page.
Can I sponsor an alumni event?,"Yes, sponsors are welcome. Contact the events team at events@srecalumni.org.in."
Is there an alumni mobile app?,"Yes, download the 'SREC Alumni App' from the Play Store or App Store for easy access to alumni services."
Who can I contact for alumni-related queries?,Reach out to support@srecalumni.org.in or call the Alumni Office at +91-XXXXXXXXXX.
How can I register as an alumnus?,You can register on the official alumni website [here](https://www.srecalumni.org.in/).
How do I update my alumni profile?,Log in to your alumni account and navigate to the 'Profile' section to update your details.
How do I change my email ID in my alumni profile?,Email the support team at support@srecalumni.org.in with your request.
How do I recover my alumni account password?,Click on 'Forgot Password' on the login page and follow the instructions to reset your password.
Where can I find job updates for alumni?,Visit the 'Career Section' on the alumni portal for the latest job postings and networking opportunities.
Can I post a job opportunity for alumni?,"Yes, you can post job openings on the alumni portal under the 'Job Listings' section."
Does the alumni association provide career counseling?,"Yes, we offer career counseling and resume-building sessions for alumni. Check the 'Career Support' section."
How can I apply for internships through the alumni network?,Internship opportunities are posted in the 'Internships' section of the alumni portal.
How do I participate in alumni events?,Check the 'Events' page on the website for upcoming alumni meetups and webinars.
How can I contact my batchmates?,Use the 'Alumni Directory' on the portal to find and connect with your batchmates.
Can I volunteer for alumni events?,Sign up as a volunteer on the 'Events' page of the alumni portal.
How can I get updates on alumni achievements?,Follow our 'Alumni News' page or subscribe to the alumni newsletter.
Does the alumni network support startups?,"Yes, we provide mentorship and funding opportunities through the 'Startup Support' program."
Can I pitch my startup idea to investors through the alumni network?,"Yes, we conduct alumni investment summits where you can pitch your idea."
Are there any startup grants for alumni entrepreneurs?,"Yes, the 'Alumni Startup Grant' program provides seed funding for selected startups."
How do I find a co-founder through the alumni network?,Use the 'Entrepreneur Connect' feature in the alumni portal to find potential co-founders.
Can I donate to the alumni fund?,"Yes, donations can be made through the 'Donate Now' section on the alumni website."
How do I contribute to scholarships for students?,You can donate to the 'Alumni Scholarship Fund' via the donations page.
Can I sponsor an alumni event?,"Yes, sponsors are welcome. Contact the events team at events@srecalumni.org.in."
Is there an alumni mobile app?,"Yes, download the 'SREC Alumni App' from the Play Store or App Store for easy access to alumni services."
Who can I contact for alumni-related queries?,Reach out to support@srecalumni.org.in or call the Alumni Office at +91-XXXXXXXXXX.
How can I register as an alumnus?,You can register on the official alumni website [here](https://www.srecalumni.org.in/).
How do I update my alumni profile?,Log in to your alumni account and navigate to the 'Profile' section to update your details.
How do I change my email ID in my alumni profile?,Email the support team at support@srecalumni.org.in with your request.
How do I recover my alumni account password?,Click on 'Forgot Password' on the login page and follow the instructions to reset your password.
Where can I find job updates for alumni?,Visit the 'Career Section' on the alumni portal for the latest job postings and networking opportunities.
Can I post a job opportunity for alumni?,"Yes, you can post job openings on the alumni portal under the 'Job Listings' section."
Does the alumni association provide career counseling?,"Yes, we offer career counseling and resume-building sessions for alumni. Check the 'Career Support' section."
How can I apply for internships through the alumni network?,Internship opportunities are posted in the 'Internships' section of the alumni portal.
How do I participate in alumni events?,Check the 'Events' page on the website for upcoming alumni meetups and webinars.
How can I contact my batchmates?,Use the 'Alumni Directory' on the portal to find and connect with your batchmates.
Can I volunteer for alumni events?,Sign up as a volunteer on the 'Events' page of the alumni portal.
How can I get updates on alumni achievements?,Follow our 'Alumni News' page or subscribe to the alumni newsletter.
Does the alumni network support startups?,"Yes, we provide mentorship and funding opportunities through the 'Startup Support' program."
Can I pitch my startup idea to investors through the alumni network?,"Yes, we conduct alumni investment summits where you can pitch your idea."
Are there any startup grants for alumni entrepreneurs?,"Yes, the 'Alumni Startup Grant' program provides seed funding for selected startups."
How do I find a co-founder through the alumni network?,Use the 'Entrepreneur Connect' feature in the alumni portal to find potential co-founders.
Can I donate to the alumni fund?,"Yes, donations can be made through the 'Donate Now' section on the alumni website."
How do I contribute to scholarships for students?,You can donate to the 'Alumni Scholarship Fund' via the donations page.
Can I sponsor an alumni event?,"Yes, sponsors are welcome. Contact the events team at events@srecalumni.org.in."
Is there an alumni mobile app?,"Yes, download the 'SREC Alumni App' from the Play Store or App Store for easy access to alumni services."
Who can I contact for alumni-related queries?,Reach out to support@srecalumni.org.in or call the Alumni Office at +91-XXXXXXXXXX.
How can I register as an alumnus?,You can register on the official alumni website [here](https://www.srecalumni.org.in/).
How do I update my alumni profile?,Log in to your alumni account and navigate to the 'Profile' section to update your details.
How do I change my email ID in my alumni profile?,Email the support team at support@srecalumni.org.in with your request.
How do I recover my alumni account password?,Click on 'Forgot Password' on the login page and follow the instructions to reset your password.
Where can I find job updates for alumni?,Visit the 'Career Section' on the alumni portal for the latest job postings and networking opportunities.
Can I post a job opportunity for alumni?,"Yes, you can post job openings on the alumni portal under the 'Job Listings' section."
Does the alumni association provide career counseling?,"Yes, we offer career counseling and resume-building sessions for alumni. Check the 'Career Support' section."
How can I apply for internships through the alumni network?,Internship opportunities are posted in the 'Internships' section of the alumni portal.
How do I participate in alumni events?,Check the 'Events' page on the website for upcoming alumni meetups and webinars.
How can I contact my batchmates?,Use the 'Alumni Directory' on the portal to find and connect with your batchmates.
Can I volunteer for alumni events?,Sign up as a volunteer on the 'Events' page of the alumni portal.
How can I get updates on alumni achievements?,Follow our 'Alumni News' page or subscribe to the alumni newsletter.
Does the alumni network support startups?,"Yes, we provide mentorship and funding opportunities through the 'Startup Support' program."
Can I pitch my startup idea to investors through the alumni network?,"Yes, we conduct alumni investment summits where you can pitch your idea."
Are there any startup grants for alumni entrepreneurs?,"Yes, the 'Alumni Startup Grant' program provides seed funding for selected startups."
How do I find a co-founder through the alumni network?,Use the 'Entrepreneur Connect' feature in the alumni portal to find potential co-founders.
Can I donate to the alumni fund?,"Yes, donations can be made through the 'Donate Now' section on the alumni website."
How do I contribute to scholarships for students?,You can donate to the 'Alumni Scholarship Fund' via the donations page.
Can I sponsor an alumni event?,"Yes, sponsors are welcome. Contact the events team at events@srecalumni.org.in."
Is there an alumni mobile app?,"Yes, download the 'SREC Alumni App' from the Play Store or App Store for easy access to alumni services."
Who can I contact for alumni-related queries?,Reach out to support@srecalumni.org.in or call the Alumni Office at +91-XXXXXXXXXX.
How can I register as an alumnus?,You can register on the official alumni website [here](https://www.srecalumni.org.in/).
How do I update my alumni profile?,Log in to your alumni account and navigate to the 'Profile' section to update your details.
How do I change my email ID in my alumni profile?,Email the support team at support@srecalumni.org.in with your request.
How do I recover my alumni account password?,Click on 'Forgot Password' on the login page and follow the instructions to reset your password.
Where can I find job updates for alumni?,Visit the 'Career Section' on the alumni portal for the latest job postings and networking opportunities.
Can I post a job opportunity for alumni?,"Yes, you can post job openings on the alumni portal under the 'Job Listings' section."
Does the alumni association provide career counseling?,"Yes, we offer career counseling and resume-building sessions for alumni. Check the 'Career Support' section."
How can I apply for internships through the alumni network?,Internship opportunities are posted in the 'Internships' section of the alumni portal.
How do I participate in alumni events?,Check the 'Events' page on the website for upcoming alumni meetups and webinars.
How can I contact my batchmates?,Use the 'Alumni Directory' on the portal to find and connect with your batchmates.
Can I volunteer for alumni events?,Sign up as a volunteer on the 'Events' page of the alumni portal.
How can I get updates on alumni achievements?,Follow our 'Alumni News' page or subscribe to the alumni newsletter.
Does the alumni network support startups?,"Yes, we provide mentorship and funding opportunities through the 'Startup Support' program."
Can I pitch my startup idea to investors through the alumni network?,"Yes, we conduct alumni investment summits where you can pitch your idea."
Are there any startup grants for alumni entrepreneurs?,"Yes, the 'Alumni Startup Grant' program provides seed funding for selected startups."
How do I find a co-founder through the alumni network?,Use the 'Entrepreneur Connect' feature in the alumni portal to find potential co-founders.
Can I donate to the alumni fund?,"Yes, donations can be made through the 'Donate Now' section on the alumni website."
How do I contribute to scholarships for students?,You can donate to the 'Alumni Scholarship Fund' via the donations page.
Can I sponsor an alumni event?,"Yes, sponsors are welcome. Contact the events team at events@srecalumni.org.in."
Is there an alumni mobile app?,"Yes, download the 'SREC Alumni App' from the Play Store or App Store for easy access to alumni services."
Who can I contact for alumni-related queries?,Reach out to support@srecalumni.org.in or call the Alumni Office at +91-XXXXXXXXXX.
How can I register as an alumnus?,You can register on the official alumni website [here](https://www.srecalumni.org.in/).
How do I update my alumni profile?,Log in to your alumni account and navigate to the 'Profile' section to update your details.
How do I change my email ID in my alumni profile?,Email the support team at support@srecalumni.org.in with your request.
How do I recover my alumni account password?,Click on 'Forgot Password' on the login page and follow the instructions to reset your password.
Where can I find job updates for alumni?,Visit the 'Career Section' on the alumni portal for the latest job postings and networking opportunities.
Can I post a job opportunity for alumni?,"Yes, you can post job openings on the alumni portal under the 'Job Listings' section."
Does the alumni association provide career counseling?,"Yes, we offer career counseling and resume-building sessions for alumni. Check the 'Career Support' section."
How can I apply for internships through the alumni network?,Internship opportunities are posted in the 'Internships' section of the alumni portal.
How do I participate in alumni events?,Check the 'Events' page on the website for upcoming alumni meetups and webinars.
How can I contact my batchmates?,Use the 'Alumni Directory' on the portal to find and connect with your batchmates.
Can I volunteer for alumni events?,Sign up as a volunteer on the 'Events' page of the alumni portal.
How can I get updates on alumni achievements?,Follow our 'Alumni News' page or subscribe to the alumni newsletter.
Does the alumni network support startups?,"Yes, we provide mentorship and funding opportunities through the 'Startup Support' program."
Can I pitch my startup idea to investors through the alumni network?,"Yes, we conduct alumni investment summits where you can pitch your idea."
Are there any startup grants for alumni entrepreneurs?,"Yes, the 'Alumni Startup Grant' program provides seed funding for selected startups."
How do I find a co-founder through the alumni network?,Use the 'Entrepreneur Connect' feature in the alumni portal to find potential co-founders.
Can I donate to the alumni fund?,"Yes, donations can be made through the 'Donate Now' section on the alumni website."
How do I contribute to scholarships for students?,You can donate to the 'Alumni Scholarship Fund' via the donations page.
Can I sponsor an alumni event?,"Yes, sponsors are welcome. Contact the events team at events@srecalumni.org.in."
Is there an alumni mobile app?,"Yes, download the 'SREC Alumni App' from the Play Store or App Store for easy access to alumni services."
Who can I contact for alumni-related queries?,Reach out to support@srecalumni.org.in or call the Alumni Office at +91-XXXXXXXXXX.
How can I register as an alumnus?,You can register on the official alumni website [here](https://www.srecalumni.org.in/).
How do I update my alumni profile?,Log in to your alumni account and navigate to the 'Profile' section to update your details.
How do I change my email ID in my alumni profile?,Email the support team at support@srecalumni.org.in with your request.
How do I recover my alumni account password?,Click on 'Forgot Password' on the login page and follow the instructions to reset your password.
Where can I find job updates for alumni?,Visit the 'Career Section' on the alumni portal for the latest job postings and networking opportunities.
Can I post a job opportunity for alumni?,"Yes, you can post job openings on the alumni portal under the 'Job Listings' section."
Does the alumni association provide career counseling?,"Yes, we offer career counseling and resume-building sessions for alumni. Check the 'Career Support' section."
How can I apply for internships through the alumni network?,Internship opportunities are posted in the 'Internships' section of the alumni portal.
How do I participate in alumni events?,Check the 'Events' page on the website for upcoming alumni meetups and webinars.
How can I contact my batchmates?,Use the 'Alumni Directory' on the portal to find and connect with your batchmates.
Can I volunteer for alumni events?,Sign up as a volunteer on the 'Events' page of the alumni portal.
How can I get updates on alumni achievements?,Follow our 'Alumni News' page or subscribe to the alumni newsletter.
Does the alumni network support startups?,"Yes, we provide mentorship and funding opportunities through the 'Startup Support' program."
Can I pitch my startup idea to investors through the alumni network?,"Yes, we conduct alumni investment summits where you can pitch your idea."
Are there any startup grants for alumni entrepreneurs?,"Yes, the 'Alumni Startup Grant' program provides seed funding for selected startups."
How do I find a co-founder through the alumni network?,Use the 'Entrepreneur Connect' feature in the alumni portal to find potential co-founders.
Can I donate to the alumni fund?,"Yes, donations can be made through the 'Donate Now' section on the alumni website."
How do I contribute to scholarships for students?,You can donate to the 'Alumni Scholarship Fund' via the donations page.
Can I sponsor an alumni event?,"Yes, sponsors are welcome. Contact the events team at events@srecalumni.org.in."
Is there an alumni mobile app?,"Yes, download the 'SREC Alumni App' from the Play Store or App Store for easy access to alumni services."
Who can I contact for alumni-related queries?,Reach out to support@srecalumni.org.in or call the Alumni Office at +91-XXXXXXXXXX.
How can I register as an alumnus?,You can register on the official alumni website [here](https://www.srecalumni.org.in/).
How do I update my alumni profile?,Log in to your alumni account and navigate to the 'Profile' section to update your details.
How do I change my email ID in my alumni profile?,Email the support team at support@srecalumni.org.in with your request.
How do I recover my alumni account password?,Click on 'Forgot Password' on the login page and follow the instructions to reset your password.
Where can I find job updates for alumni?,Visit the 'Career Section' on the alumni portal for the latest job postings and networking opportunities.
Can I post a job opportunity for alumni?,"Yes, you can post job openings on the alumni portal under the 'Job Listings' section."
Does the alumni association provide career counseling?,"Yes, we offer career counseling and resume-building sessions for alumni. Check the 'Career Support' section."
How can I apply for internships through the alumni network?,Internship opportunities are posted in the 'Internships' section of the alumni portal.
How do I participate in alumni events?,Check the 'Events' page on the website for upcoming alumni meetups and webinars.
How can I contact my batchmates?,Use the 'Alumni Directory' on the portal to find and connect with your batchmates.
Can I volunteer for alumni events?,Sign up as a volunteer on the 'Events' page of the alumni portal.
How can I get updates on alumni achievements?,Follow our 'Alumni News' page or subscribe to the alumni newsletter.
Does the alumni network support startups?,"Yes, we provide mentorship and funding opportunities through the 'Startup Support' program."
Can I pitch my startup idea to investors through the alumni network?,"Yes, we conduct alumni investment summits where you can pitch your idea."
Are there any startup grants for alumni entrepreneurs?,"Yes, the 'Alumni Startup Grant' program provides seed funding for selected startups."
How do I find a co-founder through the alumni network?,Use the 'Entrepreneur Connect' feature in the alumni portal to find potential co-founders.
Can I donate to the alumni fund?,"Yes, donations can be made through the 'Donate Now' section on the alumni website."
How do I contribute to scholarships for students?,You can donate to the 'Alumni Scholarship Fund' via the donations page.
Can I sponsor an alumni event?,"Yes, sponsors are welcome. Contact the events team at events@srecalumni.org.in."
Is there an alumni mobile app?,"Yes, download the 'SREC Alumni App' from the Play Store or App Store for easy access to alumni services."
Who can I contact for alumni-related queries?,Reach out to support@srecalumni.org.in or call the Alumni Office at +91-XXXXXXXXXX.
How can I register as an alumnus?,You can register on the official alumni website [here](https://www.srecalumni.org.in/).
How do I update my alumni profile?,Log in to your alumni account and navigate to the 'Profile' section to update your details.
How do I change my email ID in my alumni profile?,Email the support team at support@srecalumni.org.in with your request.
How do I recover my alumni account password?,Click on 'Forgot Password' on the login page and follow the instructions to reset your password.
Where can I find job updates for alumni?,Visit the 'Career Section' on the alumni portal for the latest job postings and networking opportunities.
Can I post a job opportunity for alumni?,"Yes, you can post job openings on the alumni portal under the 'Job Listings' section."
Does the alumni association provide career counseling?,"Yes, we offer career counseling and resume-building sessions for alumni. Check the 'Career Support' section."
How can I apply for internships through the alumni network?,Internship opportunities are posted in the 'Internships' section of the alumni portal.
How do I participate in alumni events?,Check the 'Events' page on the website for upcoming alumni meetups and webinars.
How can I contact my batchmates?,Use the 'Alumni Directory' on the portal to find and connect with your batchmates.
Can I volunteer for alumni events?,Sign up as a volunteer on the 'Events' page of the alumni portal.
How can I get updates on alumni achievements?,Follow our 'Alumni News' page or subscribe to the alumni newsletter.
Does the alumni network support startups?,"Yes, we provide mentorship and funding opportunities through the 'Startup Support' program."
Can I pitch my startup idea to investors through the alumni network?,"Yes, we conduct alumni investment summits where you can pitch your idea."
Are there any startup grants for alumni entrepreneurs?,"Yes, the 'Alumni Startup Grant' program provides seed funding for selected startups."
How do I find a co-founder through the alumni network?,Use the 'Entrepreneur Connect' feature in the alumni portal to find potential co-founders.
Can I donate to the alumni fund?,"Yes, donations can be made through the 'Donate Now' section on the alumni website."
How do I contribute to scholarships for students?,You can donate to the 'Alumni Scholarship Fund' via the donations page.
Can I sponsor an alumni event?,"Yes, sponsors are welcome. Contact the events team at events@srecalumni.org.in."
Is there an alumni mobile app?,"Yes, download the 'SREC Alumni App' from the Play Store or App Store for easy access to alumni services."
Who can I contact for alumni-related queries?,Reach out to support@srecalumni.org.in or call the Alumni Office at +91-XXXXXXXXXX.
How can I register as an alumnus?,You can register on the official alumni website [here](https://www.srecalumni.org.in/).
How do I update my alumni profile?,Log in to your alumni account and navigate to the 'Profile' section to update your details.
How do I change my email ID in my alumni profile?,Email the support team at support@srecalumni.org.in with your request.
How do I recover my alumni account password?,Click on 'Forgot Password' on the login page and follow the instructions to reset your password.
Where can I find job updates for alumni?,Visit the 'Career Section' on the alumni portal for the latest job postings and networking opportunities.
Can I post a job opportunity for alumni?,"Yes, you can post job openings on the alumni portal under the 'Job Listings' section."
Does the alumni association provide career counseling?,"Yes, we offer career counseling and resume-building sessions for alumni. Check the 'Career Support' section."
How can I apply for internships through the alumni network?,Internship opportunities are posted in the 'Internships' section of the alumni portal.
How do I participate in alumni events?,Check the 'Events' page on the website for upcoming alumni meetups and webinars.
How can I contact my batchmates?,Use the 'Alumni Directory' on the portal to find and connect with your batchmates.
Can I volunteer for alumni events?,Sign up as a volunteer on the 'Events' page of the alumni portal.
How can I get updates on alumni achievements?,Follow our 'Alumni News' page or subscribe to the alumni newsletter.
Does the alumni network support startups?,"Yes, we provide mentorship and funding opportunities through the 'Startup Support' program."
Can I pitch my startup idea to investors through the alumni network?,"Yes, we conduct alumni investment summits where you can pitch your idea."
Are there any startup grants for alumni entrepreneurs?,"Yes, the 'Alumni Startup Grant' program provides seed funding for selected startups."
How do I find a co-founder through the alumni network?,Use the 'Entrepreneur Connect' feature in the alumni portal to find potential co-founders.
Can I donate to the alumni fund?,"Yes, donations can be made through the 'Donate Now' section on the alumni website."
How do I contribute to scholarships for students?,You can donate to the 'Alumni Scholarship Fund' via the donations page.
Can I sponsor an alumni event?,"Yes, sponsors are welcome. Contact the events team at events@srecalumni.org.in."
Is there an alumni mobile app?,"Yes, download the 'SREC Alumni App' from the Play Store or App Store for easy access to alumni services."
Who can I contact for alumni-related queries?,Reach out to support@srecalumni.org.in or call the Alumni Office at +91-XXXXXXXXXX.
How can I register as an alumnus?,You can register on the official alumni website [here](https://www.srecalumni.org.in/).
How do I update my alumni profile?,Log in to your alumni account and navigate to the 'Profile' section to update your details.
How do I change my email ID in my alumni profile?,Email the support team at support@srecalumni.org.in with your request.
How do I recover my alumni account password?,Click on 'Forgot Password' on the login page and follow the instructions to reset your password.
Where can I find job updates for alumni?,Visit the 'Career Section' on the alumni portal for the latest job postings and networking opportunities.
Can I post a job opportunity for alumni?,"Yes, you can post job openings on the alumni portal under the 'Job Listings' section."
Does the alumni association provide career counseling?,"Yes, we offer career counseling and resume-building sessions for alumni. Check the 'Career Support' section."
How can I apply for internships through the alumni network?,Internship opportunities are posted in the 'Internships' section of the alumni portal.
How do I participate in alumni events?,Check the 'Events' page on the website for upcoming alumni meetups and webinars.
How can I contact my batchmates?,Use the 'Alumni Directory' on the portal to find and connect with your batchmates.
Can I volunteer for alumni events?,Sign up as a volunteer on the 'Events' page of the alumni portal.
How can I get updates on alumni achievements?,Follow our 'Alumni News' page or subscribe to the alumni newsletter.
Does the alumni network support startups?,"Yes, we provide mentorship and funding opportunities through the 'Startup Support' program."
Can I pitch my startup idea to investors through the alumni network?,"Yes, we conduct alumni investment summits where you can pitch your idea."
Are there any startup grants for alumni entrepreneurs?,"Yes, the 'Alumni Startup Grant' program provides seed funding for selected startups."
How do I find a co-founder through the alumni network?,Use the 'Entrepreneur Connect' feature in the alumni portal to find potential co-founders.
Can I donate to the alumni fund?,"Yes, donations can be made through the 'Donate Now' section on the alumni website."
How do I contribute to scholarships for students?,You can donate to the 'Alumni Scholarship Fund' via the donations page.
Can I sponsor an alumni event?,"Yes, sponsors are welcome. Contact the events team at events@srecalumni.org.in."
Is there an alumni mobile app?,"Yes, download the 'SREC Alumni App' from the Play Store or App Store for easy access to alumni services."
Who can I contact for alumni-related queries?,Reach out to support@srecalumni.org.in or call the Alumni Office at +91-XXXXXXXXXX.
How can I register as an alumnus?,You can register on the official alumni website [here](https://www.srecalumni.org.in/).
How do I update my alumni profile?,Log in to your alumni account and navigate to the 'Profile' section to update your details.
How do I change my email ID in my alumni profile?,Email the support team at support@srecalumni.org.in with your request.
How do I recover my alumni account password?,Click on 'Forgot Password' on the login page and follow the instructions to reset your password.
Where can I find job updates for alumni?,Visit the 'Career Section' on the alumni portal for the latest job postings and networking opportunities.
Can I post a job opportunity for alumni?,"Yes, you can post job openings on the alumni portal under the 'Job Listings' section."
Does the alumni association provide career counseling?,"Yes, we offer career counseling and resume-building sessions for alumni. Check the 'Career Support' section."
How can I apply for internships through the alumni network?,Internship opportunities are posted in the 'Internships' section of the alumni portal.
How do I participate in alumni events?,Check the 'Events' page on the website for upcoming alumni meetups and webinars.
How can I contact my batchmates?,Use the 'Alumni Directory' on the portal to find and connect with your batchmates.
Can I volunteer for alumni events?,Sign up as a volunteer on the 'Events' page of the alumni portal.
How can I get updates on alumni achievements?,Follow our 'Alumni News' page or subscribe to the alumni newsletter.
Does the alumni network support startups?,"Yes, we provide mentorship and funding opportunities through the 'Startup Support' program."
Can I pitch my startup idea to investors through the alumni network?,"Yes, we conduct alumni investment summits where you can pitch your idea."
Are there any startup grants for alumni entrepreneurs?,"Yes, the 'Alumni Startup Grant' program provides seed funding for selected startups."
How do I find a co-founder through the alumni network?,Use the 'Entrepreneur Connect' feature in the alumni portal to find potential co-founders.
Can I donate to the alumni fund?,"Yes, donations can be made through the 'Donate Now' section on the alumni website."
How do I contribute to scholarships for students?,You can donate to the 'Alumni Scholarship Fund' via the donations page.
Can I sponsor an alumni event?,"Yes, sponsors are welcome. Contact the events team at events@srecalumni.org.in."
Is there an alumni mobile app?,"Yes, download the 'SREC Alumni App' from the Play Store or App Store for easy access to alumni services."
Who can I contact for alumni-related queries?,Reach out to support@srecalumni.org.in or call the Alumni Office at +91-XXXXXXXXXX.
How can I register as an alumnus?,You can register on the official alumni website [here](https://www.srecalumni.org.in/).
How do I update my alumni profile?,Log in to your alumni account and navigate to the 'Profile' section to update your details.
How do I change my email ID in my alumni profile?,Email the support team at support@srecalumni.org.in with your request.
How do I recover my alumni account password?,Click on 'Forgot Password' on the login page and follow the instructions to reset your password.
Where can I find job updates for alumni?,Visit the 'Career Section' on the alumni portal for the latest job postings and networking opportunities.
Can I post a job opportunity for alumni?,"Yes, you can post job openings on the alumni portal under the 'Job Listings' section."
Does the alumni association provide career counseling?,"Yes, we offer career counseling and resume-building sessions for alumni. Check the 'Career Support' section."
How can I apply for internships through the alumni network?,Internship opportunities are posted in the 'Internships' section of the alumni portal.
How do I participate in alumni events?,Check the 'Events' page on the website for upcoming alumni meetups and webinars.
How can I contact my batchmates?,Use the 'Alumni Directory' on the portal to find and connect with your batchmates.
Can I volunteer for alumni events?,Sign up as a volunteer on the 'Events' page of the alumni portal.
How can I get updates on alumni achievements?,Follow our 'Alumni News' page or subscribe to the alumni newsletter.
Does the alumni network support startups?,"Yes, we provide mentorship and funding opportunities through the 'Startup Support' program."
Can I pitch my startup idea to investors through the alumni network?,"Yes, we conduct alumni investment summits where you can pitch your idea."
Are there any startup grants for alumni entrepreneurs?,"Yes, the 'Alumni Startup Grant' program provides seed funding for selected startups."
How do I find a co-founder through the alumni network?,Use the 'Entrepreneur Connect' feature in the alumni portal to find potential co-founders.
Can I donate to the alumni fund?,"Yes, donations can be made through the 'Donate Now' section on the alumni website."
How do I contribute to scholarships for students?,You can donate to the 'Alumni Scholarship Fund' via the donations page.
Can I sponsor an alumni event?,"Yes, sponsors are welcome. Contact the events team at events@srecalumni.org.in."
Is there an alumni mobile app?,"Yes, download the 'SREC Alumni App' from the Play Store or App Store for easy access to alumni services."
Who can I contact for alumni-related queries?,Reach out to support@srecalumni.org.in or call the Alumni Office at +91-XXXXXXXXXX.
How can I register as an alumnus?,You can register on the official alumni website [here](https://www.srecalumni.org.in/).
How do I update my alumni profile?,Log in to your alumni account and navigate to the 'Profile' section to update your details.
How do I change my email ID in my alumni profile?,Email the support team at support@srecalumni.org.in with your request.
How do I recover my alumni account password?,Click on 'Forgot Password' on the login page and follow the instructions to reset your password.
Where can I find job updates for alumni?,Visit the 'Career Section' on the alumni portal for the latest job postings and networking opportunities.
Can I post a job opportunity for alumni?,"Yes, you can post job openings on the alumni portal under the 'Job Listings' section."
Does the alumni association provide career counseling?,"Yes, we offer career counseling and resume-building sessions for alumni. Check the 'Career Support' section."
How can I apply for internships through the alumni network?,Internship opportunities are posted in the 'Internships' section of the alumni portal.
How do I participate in alumni events?,Check the 'Events' page on the website for upcoming alumni meetups and webinars.
How can I contact my batchmates?,Use the 'Alumni Directory' on the portal to find and connect with your batchmates.
Can I volunteer for alumni events?,Sign up as a volunteer on the 'Events' page of the alumni portal.
How can I get updates on alumni achievements?,Follow our 'Alumni News' page or subscribe to the alumni newsletter.
Does the alumni network support startups?,"Yes, we provide mentorship and funding opportunities through the 'Startup Support' program."
Can I pitch my startup idea to investors through the alumni network?,"Yes, we conduct alumni investment summits where you can pitch your idea."
Are there any startup grants for alumni entrepreneurs?,"Yes, the 'Alumni Startup Grant' program provides seed funding for selected startups."
How do I find a co-founder through the alumni network?,Use the 'Entrepreneur Connect' feature in the alumni portal to find potential co-founders.
Can I donate to the alumni fund?,"Yes, donations can be made through the 'Donate Now' section on the alumni website."
How do I contribute to scholarships for students?,You can donate to the 'Alumni Scholarship Fund' via the donations page.
Can I sponsor an alumni event?,"Yes, sponsors are welcome. Contact the events team at events@srecalumni.org.in."
Is there an alumni mobile app?,"Yes, download the 'SREC Alumni App' from the Play Store or App Store for easy access to alumni services."
Who can I contact for alumni-related queries?,Reach out to support@srecalumni.org.in or call the Alumni Office at +91-XXXXXXXXXX.
Image of PlayGround in Srec ? ,https://media.collegedekho.com/media/img/institute/crawled_images/index-pitcure-014.jpg
Image of incubation centre in Srec?,https://instituteindustryconnect.com/wp-content/uploads/2023/07/SREC-Spark-Technology-Business-Incubator-TBI-Sri-Ramakrishna-Engineering-College.jpeg
Library block of srec?,https://media.collegedekho.com/media/img/institute/crawled_images/jsrjrtjsrjrjrttr.jpg
Image of srec?,https://media.collegedekho.com/media/img/institute/crawled_images/Sri_Ramakrishna_Engineering_College7a2f7Cvr.jpg
Alumni meet image 2019?,https://www.srecalumni.org.in/srec_admin/resource/uploads/gallery/JzNUP_o1OifE5pGv6V2dAb3WFQBKm9.jpg
Reunion event of 1995-1999 batch ?,https://www.srecalumni.org.in/srec_admin/resource/uploads/srcimg/U3eLPNz0yondYybf_srecinvitation21032024silver-jubleefinal-1compressedpage-0001.jpg
